DAF-00502,KATE SPADE Saffiano Sleeve Surface Pro 3  - Black #KSSP-001-BLK,Accessories
DAF-00281,"GREENE + GRAY 13"" Laptop Sleeve - Violet Polka Dot #GG625-VLET",Accessories
DCF-00087,Skullcandy INK'D MIC'D 2.0 Pink/Black,Accessories
DCF-00253,HARMAN Yurbuds Inspire 300 - Black #YBIMINSP03BLKAM,Accessories
DAF-00399,GREENE + GRAY Surface Pro 3 Sleeve - Teal #GG646-TLBL,Accessories
DAF-00442,HEX Surface Pro 3 Sleeve w Pocket - Black/Grey Herringbone #HX1738-BGYH,Accessories
DAF-00416,MAROO Leather Folio for Surface Pro 3 - Black #MR-MS3301,Accessories
DAF-00517,HP Stream 7 Tablet Case - Black #K2N05AA#ABL,Accessories
DAF-00288,BRENTHAVEN Collins Sleeve Plus Designed for Surface #1938101,Accessories
DHF-00894,Disney Interactive Studios Infinity Figure-mike Wozowski Xbox 360,Gaming
DAF-00448,INCIPIO Roosevelt Folio for Surface Pro 3 - Black #MRSF-070-BLK,Accessories
DHF-00905,Disney Interactive Studios INFINITY Play Set Pack: Lone Ranger,Accessories
DAF-00350,"HEX 13"" Laptop Sleeve with Pocket - Grey #HX1741-GREY",Accessories
DHF-01056,WACOM Bamboo Stylus Mini Pink #CS120P,Accessories
DAF-00512,HP Bluetooth Keyboard Tablet Case - Black #K4F98AA#ABL,Accessories
DCF-00085,Skullcandy INK'D MIC'D 2.0 Black,Accessories
DAF-00503,KATE SPADE Saffiano Sleeve Surface Pro 3  - Emperor Blue #KSSP-001-EBLU,Accessories
DAF-00280,"GREENE + GRAY 13"" Laptop Sleeve - Cayenne #GG624-CYNE",Accessories
DC2-00001,Answer Desk - Assure US OL,Services
DAF-00375,"SNUGG 13"" Sleeve - Black PU Leather #MICROSOFTUSA-LAPTOP-BLACK",Accessories
DAF-00449,INCIPIO Roosevelt Folio for Surface Pro 3 - Red #MRSF-070-RED,Accessories
DAF-00396,GREENE + GRAY Surface Pro 3 Sleeve w Wristlet - Blue/Grey #GG653-BLGY,Accessories
DAF-00465,SNUGG Pro 3 Sleeve Cyan PU Leather #MICROSOFTUSA-SURFACE-PRO3-CYAN,Accessories
DAF-00460,SNUGG Pro 3 Sleeve Black PU Leather #MICROSOFTUSA-SURFACE-PRO3-BLACK,Accessories
DCF-00203,NOKIA WH-530 Boom Headset - Cyan #02739D3,Accessories
DCF-00104,Yurbuds Ironman INSPIRE Talk Sport Earbuds BLACK,Accessories
DAF-00450,INCIPIO Roosevelt Folio for Surface Pro 3 - Blue #MRSF-070-BLU,Accessories
DAF-00255,"INCIPIO Chi 8"" Tablet Sleeve - Black #MRSF-057-BLK",Accessories
DAF-00437,KNOMO Knomad Organizer Surface Pro 3 - Black #57-069-BLK,Accessories
DCF-00086,Skullcandy INK'D MIC'D 2.0 Black/Red,Accessories
DHF-00881,FITBIT Flex Wireless Activity + Sleep Wristband#FB401BK,Accessories
DHF-00927,FITBIT Flex Wireless Activity + Sleep Wristband SLATE #FB401SL,Accessories
DAF-00283,"GREENE + GRAY 13"" Laptop Sleeve - Yellow/Grey #GG627-YWGY",Accessories
DAF-00451,INCIPIO Roosevelt Folio for Surface Pro 3 - Cyan #MRSF-070-CYN,Accessories
DAF-00284,"GREENE + GRAY 13"" Laptop Sleeve - Blue/Taupe #GG628-BLTP",Accessories
DDF-00122,Toshiba 16GB Micro SDHC Class 4 Memory Card,Accessories
DCF-00198,NOKIA WH-510 Pop Headset - Yellow #02738X1,Accessories
DCF-00254,HARMAN Yurbuds Inspire 300 - Aqua/White #YBWNFOCU03ANWAM,Accessories
DHF-01029,JAWBONE Mini Jambox Red Dot #95073VRP,Accessories
DAF-00443,GREENE + GRAY Surface Pro 3 - Houndstooth #GG648-BGHT,Accessories
DHF-01055,WACOM Bamboo Stylus Mini Black #CS120K,Accessories
DAF-00462,SNUGG Pro 3 Sleeve Magenta PU Leather #MICROSOFTUSA-SURFACE-PRO3-MAGENTA,Accessories
DAF-00385,"SNUGG 13"" Sleeve - Orange PU Leather #MICROSOFTUSA-LAPTOP-ORANGE",Accessories
DAF-00349,"HEX 13"" Laptop Sleeve with Pocket - Black #HX1741-BLCK",Accessories
DHF-01037,Jawbone Mini JAMBOX Snowflake Purple,Accessories
DHF-01436,FITBIT Charge Wireless Activity Wristband - Black Large #FB404BKL,Accessories
DCF-00197,NOKIA WH-510 Pop Headset - Cyan #02738X2,Accessories
DHF-01512,Microsoft $5 Starbucks Gift Card,Accessories
DHF-01528,ZAGG Screen Protector for Microsoft Band #MCWHWS-F00,Accessories
DAF-00491,BRENTHAVEN Collins Sleeve Plus DFS - Charcoal #1942101,Accessories
DAF-00367,"NIXON 13"" Laptop Sleeve - Black #C2225000-00",Accessories
DHF-01030,JAWBONE Mini Jambox Graphite #95075VRP,Accessories
DAF-00504,KATE SPADE Slip Sleeve Surface Pro 3  - Black #KSSP-002-BLK,Accessories
DAF-00482,HEX Surface Pro 3 Sleeve w/ Pocket - Blue #HX1741-BLUE,Accessories
DHF-01332,NOKIA MD-12 BT Speaker Green US/LTA #02742S9,Accessories
DHF-00904,Disney Interactive Studios Infinity Play Set Pack-cars,Accessories
DAF-00351,"HEX 13"" Laptop Sleeve with Pocket - Red #HX1741-REDD",Accessories
DCF-00204,NOKIA WH-530 Boom Headset - Yellow #02739D2,Accessories
DAF-00516,HP Stream 7 Tablet Case - White #K2N04AA#ABL,Accessories
DAF-00518,HP Stream 7 Tablet Case - Blue #K2N06AA#ABL,Accessories
DHF-01031,JAWBONE Mini Jambox AQUA #95077VRP,Accessories
DHF-01038,Jawbone Mini JAMBOX Diamond Blue,Accessories
DAF-00499,UAG Surface Pro 3 Folio Case - Red #UAG-SFPRO3-RED-VP,Accessories
DDF-00078,Kingston Digital 64GB microSDXC Class 10 Flash Card #SDCX10/64GB,Accessories
DAF-00464,SNUGG Pro 3 Sleeve Purple PU Leather #MICROSOFTUSA-SURFACE-PRO3-PURPLE,Accessories
DAF-00444,GREENE + GRAY Surface Pro 3 - Blue Floral #GG649-BLFR,Accessories
DHF-00847,Incipio Screen Protector - MS Pro Surface Clear+ AntiFinger,Accessories
DHF-01530,HP Stream 7 Tablet Screen Protector #K1V12AA#ABL,Accessories
DHF-01159,LEUCHTTURM1917 Pen Loop - Black #LBP01 A,Accessories
DAF-00419,MAROO Premium Leather Sleeve - Black #MR-MS3306,Accessories
DQF-00248,Cmplt Warranty USD Surface Pro2/Pro3,Surface
DHF-01437,FITBIT Charge Wireless Activity Wristband - Black Small #FB404BKS,Accessories
DHF-01080,Disney Interactive Studios Infinity Toy Box Pack - Wreck-It Ralph,Accessories
DCF-00206,NOKIA WH-530 Boom Headset - Black #02741T0,Accessories
DHF-01334,NOKIA MD-12 BT Speaker Orange US/LTA #02742S7,Accessories
DHF-01333,NOKIA MD-12 BT Speaker White US/LTA #02742S8,Accessories
DR5-00001,Nokia Treasure Tag Jr. White/Orange,Phone
DAF-00488,INCIPIO Capture for Surface Pro 3 - Black #MRSF-072-BLK,Accessories
DCF-00173,YURBUDS Ironman INSPIRE Talk Sport Earbuds AQUA #10126,Accessories
DQF-00362,Microsoft Complete for $99 Tablets - 2 Year Plan,PCs
DHF-00907,Disney Interactive Studios Infinity Starter Pack Xbox 360,Gaming
DAF-00420,MAROO Synthetic Leather Wool Felt Case Surface Pro 3 - Dark Brown #MR-MS3307,Accessories
DHF-01242,SANDISK 128GB Ultra MicroSDXC Card #UX9724,Accessories
DHF-01441,FITBIT Charge HR Heart Rate Activity Wristband - Black Small #FB405BKS,Accessories
DHF-01406,INCIPIO Plex Shield Flexible Glass Screen Protector for Surface Pro 3#MRSF-074,Accessories
DHF-01331,NOKIA MD-12 BT Speaker Yellow US/LTA #02742T0,Accessories
DHF-00826,Scosche greenerCLEANER - LCD Screen Cleaning Kit,Accessories
DHF-01438,FITBIT Charge Wireless Activity Wristband - Slate Large #FB404SLL,Accessories
DQF-00358,Microsoft Complete for Laptop & Notebooks 2 Year,PCs
DCF-00252,V-MODA Crossfade LP2 Limited Edition Over Ear Headphones - Matte Black #XFL2V-U,Accessories
DHF-01529,HP Stream 8 Tablet Screen Protector #K1V11AA#ABL,Accessories
DHF-01540,Marketing Instincts Halo: The Master Chief Collection Controller Stand Xbox One,Accessories
DHF-00533,Nokia Inc. WH-920 Monster PURITY STEREO HD AMERICAS MAGENTA,Accessories
DAF-00498,UAG Surface Pro 3 Folio Case - Black #UAG-SFPRO3-BLK-VP,Accessories
DHF-01440,FITBIT Charge HR Heart Rate Activity Wristband - Black Large #FB405BKL,Accessories
DHF-01439,FITBIT Charge Wireless Activity Wristband - Slate Small #FB404SLS,Accessories
DHF-00890,Disney Interactive Studios Infinity Figure-francesco,Accessories
DHF-01550,JAWBONE Mini Jambox Green Dot #J2013-08-US,Accessories
DHF-01444,FITBIT Surge Fitness Superwatch - Black Large #FB501BKL,Accessories
DCF-00205,NOKIA WH-530 Boom Headset - Bright Red #02739D1,Accessories
DCF-00199,NOKIA WH-510 Pop Headset - Bright Red #02738X0,Accessories
